model_id,corpus_type,subreddit_or_group,period_id,spec_hash,dim,window,sg,negative,epochs,min_count,max_vocab,subsample,workers,lr,seed,vocab_size,words_processed,epochs_done,train_secs,peak_ram_mb,model_path,vectors_path,model_sha256,vectors_sha256,config_version,status,diagnostics_path
w2v__askacademia__2019q1,tracked,AskAcademia,w2v__askacademia__2019q1,spec0,200,5,1,5,5,20,200000,1e-05,2,0.025,1047,413,5600,5,0.03,n/a,/home/user/reddit_embeddings/models/word2vec/tracked/askacademia/w2v__askacademia__2019q1__cfg-v0.3.0__seed-1047.model,/home/user/reddit_embeddings/vectors/vectors_norm__askacademia__2019q1__cfg-v0.3.0__seed-1047.kv,678f10860b21603b99a585e1430997017070d3f0c5c535d091fe496080df05a0,0c2c97853db641e63dfdc65b89c7184ba94226e379f9c6ed578f21b582351d09,v0.3.0,complete,
w2v__askacademia__2019q1,tracked,AskAcademia,w2v__askacademia__2019q1,spec0,200,5,1,5,5,20,200000,1e-05,2,0.025,2048,413,5600,5,0.02,n/a,/home/user/reddit_embeddings/models/word2vec/tracked/askacademia/w2v__askacademia__2019q1__cfg-v0.3.0__seed-2048.model,/home/user/reddit_embeddings/vectors/vectors_norm__askacademia__2019q1__cfg-v0.3.0__seed-2048.kv,eeb3dac771b759cab9964492746701a36fc7dd460332c73ccca1694eb0a95a19,d09e77ff5bf0d4f8a9ba33081530d0dee4cd87ed59d4f098886b4e46d23facfd,v0.3.0,complete,
w2v__askacademia__2019q1,tracked,AskAcademia,w2v__askacademia__2019q1,spec0,200,5,1,5,5,20,200000,1e-05,2,0.025,9182,413,5600,5,0.03,n/a,/home/user/reddit_embeddings/models/word2vec/tracked/askacademia/w2v__askacademia__2019q1__cfg-v0.3.0__seed-9182.model,/home/user/reddit_embeddings/vectors/vectors_norm__askacademia__2019q1__cfg-v0.3.0__seed-9182.kv,4968263935512fa5e57a0e160a77eb15d0e523c04cde8bf73e8e57a2ee1e06bb,ed3a8d7d6992223260a0f398abcde19d74785d23436167c342c5f96cadf1a2fe,v0.3.0,complete,
w2v__askacademia__2019q2,tracked,AskAcademia,w2v__askacademia__2019q2,spec0,200,5,1,5,5,20,200000,1e-05,2,0.025,1047,413,5600,5,0.02,n/a,/home/user/reddit_embeddings/models/word2vec/tracked/askacademia/w2v__askacademia__2019q2__cfg-v0.3.0__seed-1047.model,/home/user/reddit_embeddings/vectors/vectors_norm__askacademia__2019q2__cfg-v0.3.0__seed-1047.kv,175c945b4261e7657f24e571e90ff9c07a8d3e95df52a773472025545dc5c945,dd133df650845f5629d3c7cb85bf7c38449525f291b728cc090376936ce1949d,v0.3.0,complete,
w2v__askacademia__2019q2,tracked,AskAcademia,w2v__askacademia__2019q2,spec0,200,5,1,5,5,20,200000,1e-05,2,0.025,2048,413,5600,5,0.02,n/a,/home/user/reddit_embeddings/models/word2vec/tracked/askacademia/w2v__askacademia__2019q2__cfg-v0.3.0__seed-2048.model,/home/user/reddit_embeddings/vectors/vectors_norm__askacademia__2019q2__cfg-v0.3.0__seed-2048.kv,c5d3e303e2ce9b6b78a738ab9f933e422a0e718da5f7ffe667d3fd916dff3afa,2bf7afd6cb7ce3d851b6947741b950d9f3fe03c41b7151edfe7b3a24e6ff49b5,v0.3.0,complete,
w2v__askacademia__2019q2,tracked,AskAcademia,w2v__askacademia__2019q2,spec0,200,5,1,5,5,20,200000,1e-05,2,0.025,9182,413,5600,5,0.02,n/a,/home/user/reddit_embeddings/models/word2vec/tracked/askacademia/w2v__askacademia__2019q2__cfg-v0.3.0__seed-9182.model,/home/user/reddit_embeddings/vectors/vectors_norm__askacademia__2019q2__cfg-v0.3.0__seed-9182.kv,0d2af310387c53ec3475f39cf0d0fadd94b852ea84dd07f9a33db9af4681d09a,17094df6013ee5535cc1427aec18666c047dc080138003cc8ebcadfc304f0026,v0.3.0,complete,
w2v__gradschool__2019q1,tracked,gradschool,w2v__gradschool__2019q1,spec0,200,5,1,5,5,20,200000,1e-05,2,0.025,1047,413,5600,5,0.03,n/a,/home/user/reddit_embeddings/models/word2vec/tracked/gradschool/w2v__gradschool__2019q1__cfg-v0.3.0__seed-1047.model,/home/user/reddit_embeddings/vectors/vectors_norm__gradschool__2019q1__cfg-v0.3.0__seed-1047.kv,e6f5af1520e6e42277ce70623c129d4d4769e8f2ff7066ae2a0df47132fb726b,7880680209caefe7b9a79f55d2a5f61483e394ba6203a124be8e31391dd706b5,v0.3.0,complete,
w2v__gradschool__2019q1,tracked,gradschool,w2v__gradschool__2019q1,spec0,200,5,1,5,5,20,200000,1e-05,2,0.025,2048,413,5600,5,0.02,n/a,/home/user/reddit_embeddings/models/word2vec/tracked/gradschool/w2v__gradschool__2019q1__cfg-v0.3.0__seed-2048.model,/home/user/reddit_embeddings/vectors/vectors_norm__gradschool__2019q1__cfg-v0.3.0__seed-2048.kv,31c2fef699830599c068632e11476e688b1233fd0930b8790f63ff4c29f99b33,3d5a2f7440459a3d7277dbb080cf1649ac2ea25a84b3c9ee02776f104eda819c,v0.3.0,complete,
w2v__gradschool__2019q1,tracked,gradschool,w2v__gradschool__2019q1,spec0,200,5,1,5,5,20,200000,1e-05,2,0.025,9182,413,5600,5,0.02,n/a,/home/user/reddit_embeddings/models/word2vec/tracked/gradschool/w2v__gradschool__2019q1__cfg-v0.3.0__seed-9182.model,/home/user/reddit_embeddings/vectors/vectors_norm__gradschool__2019q1__cfg-v0.3.0__seed-9182.kv,549138218d3441a14ced19aa65a90aa93feb8733d9e6e67df303a4b07fc363e5,686a40014e33e082a339c9234cc7346c7b0e3c2eefd3830b62f2b96d9be65ff4,v0.3.0,complete,
w2v__gradschool__2019q2,tracked,gradschool,w2v__gradschool__2019q2,spec0,200,5,1,5,5,20,200000,1e-05,2,0.025,1047,413,5600,5,0.02,n/a,/home/user/reddit_embeddings/models/word2vec/tracked/gradschool/w2v__gradschool__2019q2__cfg-v0.3.0__seed-1047.model,/home/user/reddit_embeddings/vectors/vectors_norm__gradschool__2019q2__cfg-v0.3.0__seed-1047.kv,767b9bed55c07c83a21115face4a6b44f4d30b4269e3a086ed2927a17766492f,4d259f52e111937e209354a40138157fe6026c13ec01848e3e95879b02f00f13,v0.3.0,complete,
w2v__gradschool__2019q2,tracked,gradschool,w2v__gradschool__2019q2,spec0,200,5,1,5,5,20,200000,1e-05,2,0.025,2048,413,5600,5,0.02,n/a,/home/user/reddit_embeddings/models/word2vec/tracked/gradschool/w2v__gradschool__2019q2__cfg-v0.3.0__seed-2048.model,/home/user/reddit_embeddings/vectors/vectors_norm__gradschool__2019q2__cfg-v0.3.0__seed-2048.kv,135c0e6cdb54b99a304472f93887f5e39e9dccd2f7c12476c60a72f08659f702,491fec3ce01248eddeb886a6b177436357db855d641fd045aef9e33dcd598a27,v0.3.0,complete,
w2v__gradschool__2019q2,tracked,gradschool,w2v__gradschool__2019q2,spec0,200,5,1,5,5,20,200000,1e-05,2,0.025,9182,413,5600,5,0.03,n/a,/home/user/reddit_embeddings/models/word2vec/tracked/gradschool/w2v__gradschool__2019q2__cfg-v0.3.0__seed-9182.model,/home/user/reddit_embeddings/vectors/vectors_norm__gradschool__2019q2__cfg-v0.3.0__seed-9182.kv,41660e7923b68e77c6265ed65d3c3709670b52d2341f00a8734058ef6c6e61c5,a1ae79fc265115b227419f827a5ef4e0568edc854ac2e81ea1bb1124d4683beb,v0.3.0,complete,
w2v__phd__2019q1,tracked,PhD,w2v__phd__2019q1,spec0,200,5,1,5,5,20,200000,1e-05,2,0.025,1047,413,5600,5,0.02,n/a,/home/user/reddit_embeddings/models/word2vec/tracked/phd/w2v__phd__2019q1__cfg-v0.3.0__seed-1047.model,/home/user/reddit_embeddings/vectors/vectors_norm__phd__2019q1__cfg-v0.3.0__seed-1047.kv,479fe5c5c73ab7ece215d2f527bd2987e58c700d62c90e6193fb4cb9f4f65164,79dd2ca772d954b0d29eca5cf2e7e187e289efec92128ccc7b28d8eed2366127,v0.3.0,complete,
w2v__phd__2019q1,tracked,PhD,w2v__phd__2019q1,spec0,200,5,1,5,5,20,200000,1e-05,2,0.025,2048,413,5600,5,0.03,n/a,/home/user/reddit_embeddings/models/word2vec/tracked/phd/w2v__phd__2019q1__cfg-v0.3.0__seed-2048.model,/home/user/reddit_embeddings/vectors/vectors_norm__phd__2019q1__cfg-v0.3.0__seed-2048.kv,8b0a33bab5bb2f36c86172e2b6579facb6dc700f0915362e76e46b45c873f7b0,92c50cd9821a3b9b08f79f3bdda32efc1a737a4c7f24fddd17a3cbfe929c68a4,v0.3.0,complete,
w2v__phd__2019q1,tracked,PhD,w2v__phd__2019q1,spec0,200,5,1,5,5,20,200000,1e-05,2,0.025,9182,413,5600,5,0.02,n/a,/home/user/reddit_embeddings/models/word2vec/tracked/phd/w2v__phd__2019q1__cfg-v0.3.0__seed-9182.model,/home/user/reddit_embeddings/vectors/vectors_norm__phd__2019q1__cfg-v0.3.0__seed-9182.kv,1befea792523b04381b26c55572c31d13261e95014f2b2b12a03359dd659a5ff,06298ddacd115bb1d150f8eca012b8aad8290640caee029c14549feb590de1e5,v0.3.0,complete,
w2v__phd__2019q2,tracked,PhD,w2v__phd__2019q2,spec0,200,5,1,5,5,20,200000,1e-05,2,0.025,1047,413,5600,5,0.02,n/a,/home/user/reddit_embeddings/models/word2vec/tracked/phd/w2v__phd__2019q2__cfg-v0.3.0__seed-1047.model,/home/user/reddit_embeddings/vectors/vectors_norm__phd__2019q2__cfg-v0.3.0__seed-1047.kv,d5f0fc8d9444cf2d284e8cd930166bba52254de952d3506523a05cb6a01c67b0,9550363f5784528e697bf9c27835f91244273d9641cca24ba5ff81d29e5afe6f,v0.3.0,complete,
w2v__phd__2019q2,tracked,PhD,w2v__phd__2019q2,spec0,200,5,1,5,5,20,200000,1e-05,2,0.025,2048,413,5600,5,0.03,n/a,/home/user/reddit_embeddings/models/word2vec/tracked/phd/w2v__phd__2019q2__cfg-v0.3.0__seed-2048.model,/home/user/reddit_embeddings/vectors/vectors_norm__phd__2019q2__cfg-v0.3.0__seed-2048.kv,b83b4e361fbaac85b512304fd52c0565d254975f95125b4d905396ce77e63714,2d2de856070c40c71cc8d45ff5cd5e6881bf21b0b157ed66680cbc049df9f0fe,v0.3.0,complete,
w2v__phd__2019q2,tracked,PhD,w2v__phd__2019q2,spec0,200,5,1,5,5,20,200000,1e-05,2,0.025,9182,413,5600,5,0.02,n/a,/home/user/reddit_embeddings/models/word2vec/tracked/phd/w2v__phd__2019q2__cfg-v0.3.0__seed-9182.model,/home/user/reddit_embeddings/vectors/vectors_norm__phd__2019q2__cfg-v0.3.0__seed-9182.kv,d1a3cb7df24805c2e4c07e18c51a3964fb9eda64c408eb204cf3c81f4181e159,bb2e33d3f7c8157e9df24d3aaa01b08148f9f2297fe69f162ab113a5e767fa52,v0.3.0,complete,
w2v__academia__2019q1,tracked,academia,w2v__academia__2019q1,spec0,200,5,1,5,5,20,200000,1e-05,2,0.025,1047,413,5600,5,0.03,n/a,/home/user/reddit_embeddings/models/word2vec/tracked/academia/w2v__academia__2019q1__cfg-v0.3.0__seed-1047.model,/home/user/reddit_embeddings/vectors/vectors_norm__academia__2019q1__cfg-v0.3.0__seed-1047.kv,9aaa16f6d41b813bb3c69069576ea3c10f1a99e8cc0b8960480bc9606da1ea00,aa92ecad6e237bbe49f4871d63e2210cd8dc2f84960f98dddebff255d37b9d88,v0.3.0,complete,
w2v__academia__2019q1,tracked,academia,w2v__academia__2019q1,spec0,200,5,1,5,5,20,200000,1e-05,2,0.025,2048,413,5600,5,0.03,n/a,/home/user/reddit_embeddings/models/word2vec/tracked/academia/w2v__academia__2019q1__cfg-v0.3.0__seed-2048.model,/home/user/reddit_embeddings/vectors/vectors_norm__academia__2019q1__cfg-v0.3.0__seed-2048.kv,3e21a4e29139db8a2f5c49c5c2e9292f34347576dee03dcd0a3f42f49f5d4688,fbe7199c68583103e2149ece7147d1a0c3eda442f3449f18475a3b8055f46ce6,v0.3.0,complete,
w2v__academia__2019q1,tracked,academia,w2v__academia__2019q1,spec0,200,5,1,5,5,20,200000,1e-05,2,0.025,9182,413,5600,5,0.02,n/a,/home/user/reddit_embeddings/models/word2vec/tracked/academia/w2v__academia__2019q1__cfg-v0.3.0__seed-9182.model,/home/user/reddit_embeddings/vectors/vectors_norm__academia__2019q1__cfg-v0.3.0__seed-9182.kv,4791f7163914f4696c7edf843bda91570c6552c16cfe764f5c4b4b3d6e8fcfee,6660839419811564a8ae48f251fdd3f5b575cd58f99bb5e809bdd8cca81d1713,v0.3.0,complete,
w2v__academia__2019q2,tracked,academia,w2v__academia__2019q2,spec0,200,5,1,5,5,20,200000,1e-05,2,0.025,1047,413,5600,5,0.02,n/a,/home/user/reddit_embeddings/models/word2vec/tracked/academia/w2v__academia__2019q2__cfg-v0.3.0__seed-1047.model,/home/user/reddit_embeddings/vectors/vectors_norm__academia__2019q2__cfg-v0.3.0__seed-1047.kv,28e8211c08085bd480b3e01b3ebf4a3fbe6fb289619382bdba428836894c3e7c,2c2c89762aba35f8253a29eb9072b67adb6697507f4b1a8cfb78e3d34c8542e7,v0.3.0,complete,
w2v__academia__2019q2,tracked,academia,w2v__academia__2019q2,spec0,200,5,1,5,5,20,200000,1e-05,2,0.025,2048,413,5600,5,0.03,n/a,/home/user/reddit_embeddings/models/word2vec/tracked/academia/w2v__academia__2019q2__cfg-v0.3.0__seed-2048.model,/home/user/reddit_embeddings/vectors/vectors_norm__academia__2019q2__cfg-v0.3.0__seed-2048.kv,e55a13e2c700717ad4c832a7a7656163a22922b76c581ae0a6a52831ce44493c,55b27339226b3621134651feed9b6918acef23a435fd851c209a1ce2d030d5c9,v0.3.0,complete,
w2v__academia__2019q2,tracked,academia,w2v__academia__2019q2,spec0,200,5,1,5,5,20,200000,1e-05,2,0.025,9182,413,5600,5,0.02,n/a,/home/user/reddit_embeddings/models/word2vec/tracked/academia/w2v__academia__2019q2__cfg-v0.3.0__seed-9182.model,/home/user/reddit_embeddings/vectors/vectors_norm__academia__2019q2__cfg-v0.3.0__seed-9182.kv,0f3de60a79bbcfa233a1907a88827d58e3ae4e212c63162eaddf9ceaf41719a6,ecc1504de14b092b90ba0e30751c59ba19f63623264b251cf2cf23acc9bed9a7,v0.3.0,complete,
