unit_id,source,source_url_or_query,subreddit,start_ts,end_ts,content_type,status,attempt_count,started_at,completed_at,last_cursor,n_read,n_usable,token_estimate,output_tmp,output_final,output_sha256,error_category,error_excerpt,config_version,config_sha256,retrieval_date
asapi__AskAcademia__comments__2015-06-01_2015-06-08,arctic_shift_api,https://arctic-shift.photon-reddit.com/api/comments/search?after=2015-06-01&before=2015-06-08&sort=asc&subreddit=AskAcademia,AskAcademia,2015-06-01T00:00:00Z,2015-06-08T00:00:00Z,comments,complete,1,2026-09-04T22:07:15.570340+00:00,2026-09-04T22:07:15.574772+00:00,1433116899,100,100,1000,,/home/user/reddit_embeddings/shards/tokenized/pilot/pilot__AskAcademia__2015-06-01__comments__0000.jsonl.gz,3cfd0f45fdcf794d7b94b595663f27f87bfd786b0250567f04c7447dce5e2bdb,,,v0.3.0,480d9daad30fb73418b0537bb290824b3d6f3d90a5c811cc6c74491dd30ab3d0,2026-09-04
asapi__AskAcademia__submissions__2015-06-01_2015-06-08,arctic_shift_api,https://arctic-shift.photon-reddit.com/api/posts/search?after=2015-06-01&before=2015-06-08&sort=asc&subreddit=AskAcademia,AskAcademia,2015-06-01T00:00:00Z,2015-06-08T00:00:00Z,submissions,complete,1,2026-09-04T22:07:15.575940+00:00,2026-09-04T22:07:15.580247+00:00,1433116899,100,100,1000,,/home/user/reddit_embeddings/shards/tokenized/pilot/pilot__AskAcademia__2015-06-01__submissions__0000.jsonl.gz,50cd4cbcf7f0e453fd0efbda264d1124b02f96493953ffb79dc57f15679dd2e9,,,v0.3.0,480d9daad30fb73418b0537bb290824b3d6f3d90a5c811cc6c74491dd30ab3d0,2026-09-04
asapi__AskAcademia__comments__2019-01-01_2019-01-08,arctic_shift_api,https://arctic-shift.photon-reddit.com/api/comments/search?after=2019-01-01&before=2019-01-08&sort=asc&subreddit=AskAcademia,AskAcademia,2019-01-01T00:00:00Z,2019-01-08T00:00:00Z,comments,complete,1,2026-09-04T22:07:15.581386+00:00,2026-09-04T22:07:15.585950+00:00,1546300899,100,100,1000,,/home/user/reddit_embeddings/shards/tokenized/pilot/pilot__AskAcademia__2019-01-01__comments__0000.jsonl.gz,9e65ffac295e910b0d377e23ef6725fc12354bacf08c80f46b1a4d5c9c6b0f95,,,v0.3.0,480d9daad30fb73418b0537bb290824b3d6f3d90a5c811cc6c74491dd30ab3d0,2026-09-04
asapi__AskAcademia__submissions__2019-01-01_2019-01-08,arctic_shift_api,https://arctic-shift.photon-reddit.com/api/posts/search?after=2019-01-01&before=2019-01-08&sort=asc&subreddit=AskAcademia,AskAcademia,2019-01-01T00:00:00Z,2019-01-08T00:00:00Z,submissions,complete,1,2026-09-04T22:07:15.587038+00:00,2026-09-04T22:07:15.591240+00:00,1546300899,100,100,1000,,/home/user/reddit_embeddings/shards/tokenized/pilot/pilot__AskAcademia__2019-01-01__submissions__0000.jsonl.gz,32a66d4b1bf0f91bda7c09aed8c997309fcbe26889ad30982c52dab500523d49,,,v0.3.0,480d9daad30fb73418b0537bb290824b3d6f3d90a5c811cc6c74491dd30ab3d0,2026-09-04
asapi__AskAcademia__comments__2023-07-01_2023-07-08,arctic_shift_api,https://arctic-shift.photon-reddit.com/api/comments/search?after=2023-07-01&before=2023-07-08&sort=asc&subreddit=AskAcademia,AskAcademia,2023-07-01T00:00:00Z,2023-07-08T00:00:00Z,comments,complete,1,2026-09-04T22:07:15.592489+00:00,2026-09-04T22:07:15.596609+00:00,1688169699,100,100,1000,,/home/user/reddit_embeddings/shards/tokenized/pilot/pilot__AskAcademia__2023-07-01__comments__0000.jsonl.gz,e19c2ef99b7e63700c6803c333ea0dca5ef18a7b4753119976e3e0ad7cb11050,,,v0.3.0,480d9daad30fb73418b0537bb290824b3d6f3d90a5c811cc6c74491dd30ab3d0,2026-09-04
asapi__AskAcademia__submissions__2023-07-01_2023-07-08,arctic_shift_api,https://arctic-shift.photon-reddit.com/api/posts/search?after=2023-07-01&before=2023-07-08&sort=asc&subreddit=AskAcademia,AskAcademia,2023-07-01T00:00:00Z,2023-07-08T00:00:00Z,submissions,complete,1,2026-09-04T22:07:15.597657+00:00,2026-09-04T22:07:15.601973+00:00,1688169699,100,100,1000,,/home/user/reddit_embeddings/shards/tokenized/pilot/pilot__AskAcademia__2023-07-01__submissions__0000.jsonl.gz,7f15af97ecb5bebb18926089ce0d6ada4aa6a0814111ae3b2a3499af57360767,,,v0.3.0,480d9daad30fb73418b0537bb290824b3d6f3d90a5c811cc6c74491dd30ab3d0,2026-09-04
asapi__gradschool__comments__2015-06-01_2015-06-08,arctic_shift_api,https://arctic-shift.photon-reddit.com/api/comments/search?after=2015-06-01&before=2015-06-08&sort=asc&subreddit=gradschool,gradschool,2015-06-01T00:00:00Z,2015-06-08T00:00:00Z,comments,complete,1,2026-09-04T22:07:15.603057+00:00,2026-09-04T22:07:15.607388+00:00,1433116899,100,100,1000,,/home/user/reddit_embeddings/shards/tokenized/pilot/pilot__gradschool__2015-06-01__comments__0000.jsonl.gz,da57d81c8eee8028ef1a574b033f9ee73827bc0ac79ecc76057406e1cfc83d89,,,v0.3.0,480d9daad30fb73418b0537bb290824b3d6f3d90a5c811cc6c74491dd30ab3d0,2026-09-04
asapi__gradschool__submissions__2015-06-01_2015-06-08,arctic_shift_api,https://arctic-shift.photon-reddit.com/api/posts/search?after=2015-06-01&before=2015-06-08&sort=asc&subreddit=gradschool,gradschool,2015-06-01T00:00:00Z,2015-06-08T00:00:00Z,submissions,complete,1,2026-09-04T22:07:15.608556+00:00,2026-09-04T22:07:15.612741+00:00,1433116899,100,100,1000,,/home/user/reddit_embeddings/shards/tokenized/pilot/pilot__gradschool__2015-06-01__submissions__0000.jsonl.gz,acbdc8c735be508e6237885ca845c9213d66d6d79bed80e6f13d1d704a4eb9f5,,,v0.3.0,480d9daad30fb73418b0537bb290824b3d6f3d90a5c811cc6c74491dd30ab3d0,2026-09-04
asapi__gradschool__comments__2019-01-01_2019-01-08,arctic_shift_api,https://arctic-shift.photon-reddit.com/api/comments/search?after=2019-01-01&before=2019-01-08&sort=asc&subreddit=gradschool,gradschool,2019-01-01T00:00:00Z,2019-01-08T00:00:00Z,comments,complete,1,2026-09-04T22:07:15.614086+00:00,2026-09-04T22:07:15.618654+00:00,1546300899,100,100,1000,,/home/user/reddit_embeddings/shards/tokenized/pilot/pilot__gradschool__2019-01-01__comments__0000.jsonl.gz,17f027a949e2019d818b44270efb6f9dcc268881ded2bb68579a90c35710b8e0,,,v0.3.0,480d9daad30fb73418b0537bb290824b3d6f3d90a5c811cc6c74491dd30ab3d0,2026-09-04
asapi__gradschool__submissions__2019-01-01_2019-01-08,arctic_shift_api,https://arctic-shift.photon-reddit.com/api/posts/search?after=2019-01-01&before=2019-01-08&sort=asc&subreddit=gradschool,gradschool,2019-01-01T00:00:00Z,2019-01-08T00:00:00Z,submissions,complete,1,2026-09-04T22:07:15.619961+00:00,2026-09-04T22:07:15.624319+00:00,1546300899,100,100,1000,,/home/user/reddit_embeddings/shards/tokenized/pilot/pilot__gradschool__2019-01-01__submissions__0000.jsonl.gz,950f34a21ae5d4afa989d4e2bfd3a48a384452226553d4d16bc400377fd22c1c,,,v0.3.0,480d9daad30fb73418b0537bb290824b3d6f3d90a5c811cc6c74491dd30ab3d0,2026-09-04
asapi__gradschool__comments__2023-07-01_2023-07-08,arctic_shift_api,https://arctic-shift.photon-reddit.com/api/comments/search?after=2023-07-01&before=2023-07-08&sort=asc&subreddit=gradschool,gradschool,2023-07-01T00:00:00Z,2023-07-08T00:00:00Z,comments,complete,1,2026-09-04T22:07:15.625590+00:00,2026-09-04T22:07:15.629870+00:00,1688169699,100,100,1000,,/home/user/reddit_embeddings/shards/tokenized/pilot/pilot__gradschool__2023-07-01__comments__0000.jsonl.gz,50675f849d6635595895b22561d0f3fcfc14f9826adec3a28b7db364e4437e88,,,v0.3.0,480d9daad30fb73418b0537bb290824b3d6f3d90a5c811cc6c74491dd30ab3d0,2026-09-04
asapi__gradschool__submissions__2023-07-01_2023-07-08,arctic_shift_api,https://arctic-shift.photon-reddit.com/api/posts/search?after=2023-07-01&before=2023-07-08&sort=asc&subreddit=gradschool,gradschool,2023-07-01T00:00:00Z,2023-07-08T00:00:00Z,submissions,complete,1,2026-09-04T22:07:15.631442+00:00,2026-09-04T22:07:15.635580+00:00,1688169699,100,100,1000,,/home/user/reddit_embeddings/shards/tokenized/pilot/pilot__gradschool__2023-07-01__submissions__0000.jsonl.gz,02307b13bd2fb60b1fab7780867e64090aad68371fada6c7a3275f9303d7e8f9,,,v0.3.0,480d9daad30fb73418b0537bb290824b3d6f3d90a5c811cc6c74491dd30ab3d0,2026-09-04
asapi__PhD__comments__2015-06-01_2015-06-08,arctic_shift_api,https://arctic-shift.photon-reddit.com/api/comments/search?after=2015-06-01&before=2015-06-08&sort=asc&subreddit=PhD,PhD,2015-06-01T00:00:00Z,2015-06-08T00:00:00Z,comments,complete,1,2026-09-04T22:07:15.636844+00:00,2026-09-04T22:07:15.641234+00:00,1433116899,100,100,1000,,/home/user/reddit_embeddings/shards/tokenized/pilot/pilot__PhD__2015-06-01__comments__0000.jsonl.gz,8368a6c3a301e0cccb25411f05ff9a3e5e0eeb046284cefbb2aa9b7bc631a1eb,,,v0.3.0,480d9daad30fb73418b0537bb290824b3d6f3d90a5c811cc6c74491dd30ab3d0,2026-09-04
asapi__PhD__submissions__2015-06-01_2015-06-08,arctic_shift_api,https://arctic-shift.photon-reddit.com/api/posts/search?after=2015-06-01&before=2015-06-08&sort=asc&subreddit=PhD,PhD,2015-06-01T00:00:00Z,2015-06-08T00:00:00Z,submissions,complete,1,2026-09-04T22:07:15.642603+00:00,2026-09-04T22:07:15.647023+00:00,1433116899,100,100,1000,,/home/user/reddit_embeddings/shards/tokenized/pilot/pilot__PhD__2015-06-01__submissions__0000.jsonl.gz,70c79d99da0dada835a6168c7024884780f0efb5552c5ea44e82797381db5a9b,,,v0.3.0,480d9daad30fb73418b0537bb290824b3d6f3d90a5c811cc6c74491dd30ab3d0,2026-09-04
asapi__PhD__comments__2019-01-01_2019-01-08,arctic_shift_api,https://arctic-shift.photon-reddit.com/api/comments/search?after=2019-01-01&before=2019-01-08&sort=asc&subreddit=PhD,PhD,2019-01-01T00:00:00Z,2019-01-08T00:00:00Z,comments,complete,1,2026-09-04T22:07:15.648272+00:00,2026-09-04T22:07:15.652452+00:00,1546300899,100,100,1000,,/home/user/reddit_embeddings/shards/tokenized/pilot/pilot__PhD__2019-01-01__comments__0000.jsonl.gz,dcc33cf738ee34eda8fc5fbcdaca91adc2080a8e591a30ac04eef6b35cd9a0a1,,,v0.3.0,480d9daad30fb73418b0537bb290824b3d6f3d90a5c811cc6c74491dd30ab3d0,2026-09-04
asapi__PhD__submissions__2019-01-01_2019-01-08,arctic_shift_api,https://arctic-shift.photon-reddit.com/api/posts/search?after=2019-01-01&before=2019-01-08&sort=asc&subreddit=PhD,PhD,2019-01-01T00:00:00Z,2019-01-08T00:00:00Z,submissions,complete,1,2026-09-04T22:07:15.653836+00:00,2026-09-04T22:07:15.658307+00:00,1546300899,100,100,1000,,/home/user/reddit_embeddings/shards/tokenized/pilot/pilot__PhD__2019-01-01__submissions__0000.jsonl.gz,f00688d00401ea281772ea573dc4b70452f7070e583bdb1bc8b297a4a757a753,,,v0.3.0,480d9daad30fb73418b0537bb290824b3d6f3d90a5c811cc6c74491dd30ab3d0,2026-09-04
asapi__PhD__comments__2023-07-01_2023-07-08,arctic_shift_api,https://arctic-shift.photon-reddit.com/api/comments/search?after=2023-07-01&before=2023-07-08&sort=asc&subreddit=PhD,PhD,2023-07-01T00:00:00Z,2023-07-08T00:00:00Z,comments,complete,1,2026-09-04T22:07:15.659775+00:00,2026-09-04T22:07:15.664470+00:00,1688169699,100,100,1000,,/home/user/reddit_embeddings/shards/tokenized/pilot/pilot__PhD__2023-07-01__comments__0000.jsonl.gz,88a6e59dfec101ba3d6be68782504e5daf90216eaaa9e9fa327a16ffaa2013a8,,,v0.3.0,480d9daad30fb73418b0537bb290824b3d6f3d90a5c811cc6c74491dd30ab3d0,2026-09-04
asapi__PhD__submissions__2023-07-01_2023-07-08,arctic_shift_api,https://arctic-shift.photon-reddit.com/api/posts/search?after=2023-07-01&before=2023-07-08&sort=asc&subreddit=PhD,PhD,2023-07-01T00:00:00Z,2023-07-08T00:00:00Z,submissions,complete,1,2026-09-04T22:07:15.666031+00:00,2026-09-04T22:07:15.670322+00:00,1688169699,100,100,1000,,/home/user/reddit_embeddings/shards/tokenized/pilot/pilot__PhD__2023-07-01__submissions__0000.jsonl.gz,0405e497ea9ed51b78a29f5e31046d317cdf166e92071cbc810b6799c01d3699,,,v0.3.0,480d9daad30fb73418b0537bb290824b3d6f3d90a5c811cc6c74491dd30ab3d0,2026-09-04
asapi__academia__comments__2015-06-01_2015-06-08,arctic_shift_api,https://arctic-shift.photon-reddit.com/api/comments/search?after=2015-06-01&before=2015-06-08&sort=asc&subreddit=academia,academia,2015-06-01T00:00:00Z,2015-06-08T00:00:00Z,comments,complete,1,2026-09-04T22:07:15.671799+00:00,2026-09-04T22:07:15.675961+00:00,1433116899,100,100,1000,,/home/user/reddit_embeddings/shards/tokenized/pilot/pilot__academia__2015-06-01__comments__0000.jsonl.gz,05f4f9923286f1a5549051cbdfef81f9b9887f40319dbe88175605a486636dd0,,,v0.3.0,480d9daad30fb73418b0537bb290824b3d6f3d90a5c811cc6c74491dd30ab3d0,2026-09-04
asapi__academia__submissions__2015-06-01_2015-06-08,arctic_shift_api,https://arctic-shift.photon-reddit.com/api/posts/search?after=2015-06-01&before=2015-06-08&sort=asc&subreddit=academia,academia,2015-06-01T00:00:00Z,2015-06-08T00:00:00Z,submissions,complete,1,2026-09-04T22:07:15.677496+00:00,2026-09-04T22:07:15.681705+00:00,1433116899,100,100,1000,,/home/user/reddit_embeddings/shards/tokenized/pilot/pilot__academia__2015-06-01__submissions__0000.jsonl.gz,5f4afb3e40aa01f22f1585ecd3ed75688cc4678503e49f4537703efc3bbf0f86,,,v0.3.0,480d9daad30fb73418b0537bb290824b3d6f3d90a5c811cc6c74491dd30ab3d0,2026-09-04
asapi__academia__comments__2019-01-01_2019-01-08,arctic_shift_api,https://arctic-shift.photon-reddit.com/api/comments/search?after=2019-01-01&before=2019-01-08&sort=asc&subreddit=academia,academia,2019-01-01T00:00:00Z,2019-01-08T00:00:00Z,comments,complete,1,2026-09-04T22:07:15.683223+00:00,2026-09-04T22:07:15.687694+00:00,1546300899,100,100,1000,,/home/user/reddit_embeddings/shards/tokenized/pilot/pilot__academia__2019-01-01__comments__0000.jsonl.gz,a4200fce38a0c76c79560b20dfdf66df206a77fd0e70b737bc06a8aee359e2e4,,,v0.3.0,480d9daad30fb73418b0537bb290824b3d6f3d90a5c811cc6c74491dd30ab3d0,2026-09-04
asapi__academia__submissions__2019-01-01_2019-01-08,arctic_shift_api,https://arctic-shift.photon-reddit.com/api/posts/search?after=2019-01-01&before=2019-01-08&sort=asc&subreddit=academia,academia,2019-01-01T00:00:00Z,2019-01-08T00:00:00Z,submissions,complete,1,2026-09-04T22:07:15.689422+00:00,2026-09-04T22:07:15.693764+00:00,1546300899,100,100,1000,,/home/user/reddit_embeddings/shards/tokenized/pilot/pilot__academia__2019-01-01__submissions__0000.jsonl.gz,564853d34f3740bf9b44b70a74a5bade2267d8944f7b6a7c89eec0563d5e3073,,,v0.3.0,480d9daad30fb73418b0537bb290824b3d6f3d90a5c811cc6c74491dd30ab3d0,2026-09-04
asapi__academia__comments__2023-07-01_2023-07-08,arctic_shift_api,https://arctic-shift.photon-reddit.com/api/comments/search?after=2023-07-01&before=2023-07-08&sort=asc&subreddit=academia,academia,2023-07-01T00:00:00Z,2023-07-08T00:00:00Z,comments,complete,1,2026-09-04T22:07:15.695447+00:00,2026-09-04T22:07:15.699928+00:00,1688169699,100,100,1000,,/home/user/reddit_embeddings/shards/tokenized/pilot/pilot__academia__2023-07-01__comments__0000.jsonl.gz,cf2e5cbc9ed3cf5dcaea06dac09e016a8de2486f2e1c5614c588cb372c0389d3,,,v0.3.0,480d9daad30fb73418b0537bb290824b3d6f3d90a5c811cc6c74491dd30ab3d0,2026-09-04
asapi__academia__submissions__2023-07-01_2023-07-08,arctic_shift_api,https://arctic-shift.photon-reddit.com/api/posts/search?after=2023-07-01&before=2023-07-08&sort=asc&subreddit=academia,academia,2023-07-01T00:00:00Z,2023-07-08T00:00:00Z,submissions,complete,1,2026-09-04T22:07:15.701700+00:00,2026-09-04T22:07:15.706127+00:00,1688169699,100,100,1000,,/home/user/reddit_embeddings/shards/tokenized/pilot/pilot__academia__2023-07-01__submissions__0000.jsonl.gz,f736f95fab400ef9f3855682bb02495095239e11aef7248362f613aa2e18d720,,,v0.3.0,480d9daad30fb73418b0537bb290824b3d6f3d90a5c811cc6c74491dd30ab3d0,2026-09-04
